id;first_name;last_name;email;phone_number;date_ofbirth;created_date
1;Chelsey;Wyman;Kiana.Bosco@hotmail.com;wireless orchid;2022-11-19T09:58:07;2022-11-19T16:36:16
2;Vaughn;Breitenberg;Dee31@gmail.com;empower auxiliary experiences;2022-11-19T17:16:30;2022-11-19T09:22:36
3;Winfield;Ruecker;Kassandra_Huel4@yahoo.com;Tennessee Chile Extended;2022-11-19T03:24:02;2022-11-19T05:35:04
4;Phoebe;Will;Thalia.Buckridge95@gmail.com;JBOD;2022-11-19T19:42:16;2022-11-19T16:13:19
5;Margaretta;Stark;Elouise_Bradtke9@gmail.com;California;2022-11-19T11:01:42;2022-11-19T03:05:54
6;Madelynn;Wisozk;Raymond30@gmail.com;Tennessee Handmade violet;2022-11-19T19:43:45;2022-11-19T03:00:48
7;Aurore;Bartoletti;Mazie.Dach61@yahoo.com;synthesize Lilangeni initiatives;2022-11-19T16:55:27;2022-11-18T23:31:54
8;Chris;Schaden;Litzy_Smith@yahoo.com;Tuna;2022-11-19T10:37:17;2022-11-19T07:33:09
9;Serenity;Maggio;Ocie69@yahoo.com;FTP Concrete;2022-11-19T04:21:45;2022-11-19T03:34:45
10;Arnulfo;Senger;Justyn.Davis@gmail.com;Towels AGP;2022-11-19T17:16:20;2022-11-19T04:03:03
